document_name,sentence,label
08-Management-of-Sites-of-Cultural-Significance.txt,REGIONALSTRATEGYPLAN - SITESOFCULTURALSIGNIFICANCE 8.,other
08-Management-of-Sites-of-Cultural-Significance.txt,"MANAGEMENT OF SITES OF CULTURAL SIGNIFICANCE 8.01 General Policy The protection and conservation of land, features or buildings designated as Sites of Cultural Significancemust beensured.",other
08-Management-of-Sites-of-Cultural-Significance.txt,"8.02 Management of Sites of Cultural Significance The use, development, alteration or demolition of a site or feature, designated as a Site of Cultural Significance in Schedule 2, may only be allowed where it will be subject toaplanningpermit andwhereit is demonstratedthat: 飩凤€?the integrity and the special values of the site or feature will not be jeopardised; and 飩凤€?where relevant, advice pursuant to the provisions of the Archaeological and Aboriginal Relics Preservation Act 1972 (as amended) and/or the Historical Buildings Act 1981,has beenobtainedandhadregardto.",permit_related
08-Management-of-Sites-of-Cultural-Significance.txt,"Restoration of Sites of Cultural Significancemust beactivelyencouragedandall owners and occupiers of Sites of Cultural Significance must be informed of their site鈥檚 importanceandsignificance,andofthebest ways toconserveandprotect them.",other
08-Management-of-Sites-of-Cultural-Significance.txt,"Councils and other relevant bodies, such as theVictoriaArchaeological Survey,Historic Buildings Council and National Trust of Australia (Victoria), should be encouraged to identify and evaluate further Sites of Cultural Significance, and to develop and provide information and advisory services on the importance and significance of Sites of Cultural Significance,andon thebest ways toconserve,protect andmanagethem.",authority
08-Management-of-Sites-of-Cultural-Significance.txt,"8.03 Management of Sites of Cultural Significance on Public Land Sites of Cultural Significance located on Public Land must be conserved and be protected from any inappropriate land uses, works or undertakings, by ensuring that (where relevant) advice is obtained from the National Trust of Australia (Vic.), the Historic Buildings Council or the Victorian Archaeological Survey, prior to any works and undertakings on or in the vicinity of these sites or features, and no demolition or destruction of these sites or features occurs without the prior agreement of the Minister forPlanning.",authority
08-Management-of-Sites-of-Cultural-Significance.txt,"The identification of further Sites of Cultural Significance on Public Land within the Region must be encouraged, so that these sites, if they are significant, are not destroyed oradverselyaffected.",other
14-Manufacturing-and-Industry.txt,REGIONALSTRATEGYPLAN - MANUFACTURINGANDINDUSTRY 14.,other
14-Manufacturing-and-Industry.txt,"MANUFACTURING AND INDUSTRY 14.01 Regional Overview The Region has a small but well established industrial base consistingof manufacturing, processing, and service industries, which range from traditional industries servicing agricultureandsawmilling,todynamicindustries inhightechnology.",other
14-Manufacturing-and-Industry.txt,Over 60% of the Region's industrial establishments are located in the Lilydale area.,other
14-Manufacturing-and-Industry.txt,"With most of the activity concentrated in Kilsyth, Lilydale and Chirnside Park.",other
14-Manufacturing-and-Industry.txt,"These areas also have the largest amount of vacant industrial land, most of which however, is committedfordevelopment intheshort tomedium term.",other
14-Manufacturing-and-Industry.txt,"There are limited numbers of, and opportunities for, industrial establishments in Healesville,Woori YallockandWesburn(whichis partiallydeveloped).",other
14-Manufacturing-and-Industry.txt,"Traditionally, manufacturing industries have been regarded as a non-desirable activityin the Region.",other
14-Manufacturing-and-Industry.txt,"This perception, however is gradually changing for manyindustries, which through the use of high technology, sensitive designs and siting, have acquired alevel of public acceptance.",other
14-Manufacturing-and-Industry.txt,"It is important therefore that anynew industries to be attracted to the Region exhibit a high level of community acceptance, achieve compatibility with the environment andmaintenanceofamenity.",other
14-Manufacturing-and-Industry.txt,The Regional Strategy Plan promotes the need to develop a sustainable economy.,other
14-Manufacturing-and-Industry.txt,"Support needs to be given to the maintenance and growth of local enterprises within the agricultural, commercial, tourism and industrial areas, provided they are ecologically sustainable; maintain local amenity; and are accepted by the community at large as contributingtowards animprovement inlifestyles fortheRegion's residents.",other
14-Manufacturing-and-Industry.txt,"Despite the employment opportunities available within the Region, the outer eastern suburbs of Melbourne will continue to provide the major employment source for the Region鈥檚 residents.",other
14-Manufacturing-and-Industry.txt,"However, growth in employment will be closely linked to the changes occurringthroughtheincreasedprovisionoftertiaryeducationintheRegion.",other
14-Manufacturing-and-Industry.txt,"14.02 Primary Purpose The primary purpose for the manufacturing and industry policies is to control and coordinate the provision of land for industry, whilst providing for an increase in employment opportunities for local communities.",other
14-Manufacturing-and-Industry.txt,"At the same time it is intended to control the nature and scale of development so that environmental values such as flora, fauna, water quality and yields, air quality and landscape values are not adversely affected,andthat theresidential amenityoftheareais maintained.",other
14-Manufacturing-and-Industry.txt,"14.03 Existing industrial zones Industrywill be encouraged to locateinexistingIndustrial Zones and,wherepossible,to makemoreefficient useofvacant andpartlydevelopedland.",component
14-Manufacturing-and-Industry.txt,"In providing for industrial or manufacturing uses and development, planning authorities must ensurethat: 61.",other
14-Manufacturing-and-Industry.txt,"REGIONALSTRATEGYPLAN - MANUFACTURINGANDINDUSTRY 飩?areticulatedsewerageandwatersupplyis available; 飩?appropriate off-street parking, vehicular access and loading facilities are provided; 飩?the siting, design and appearance of buildings have minimal adverse impact on thesurroundinglandscape; 飩?all liquid and other wastes will be disposed of in an appropriate manner, and noise minimised, in accordance with the requirements of the Environment ProtectionAuthority,toensuretheprotectionoftheamenityofthearea; 飩?the safetyand amenityof residential areas near an industrial use are protected by controllingheavytrucktraffic; 飩?where applicable, large storage areas are separated from residential areas and screenedfrom publicview; 飩?wherever possible, industrial uses are grouped to ensure the economical provision,extensionandmaintenanceofutilities, and 飩?adequate provision is made for the landscaping of site and that appropriate controls are put in place to cover maximum building site coverage, and appropriateset backs toensureadequatelandscapingofsite.",authority
14-Manufacturing-and-Industry.txt,14.04 Additional land for industry Additional land for industry may be provided in appropriate areas in the Region in accordance with performance standards.,other
14-Manufacturing-and-Industry.txt,"Prior to land being rezoned for industrial or manufacturinguses, it must bedemonstratedthat: 飩?there is a need for such land in the area, and that the land proposed to be rezoned is both suitable and capable of supporting the industrial and/or manufacturing uses sought; 飩?therearenophysical and/orenvironmental constraints affectingtheland; 飩?noiseandodourdischarges will becontrolled,toprotect theamenityofadjoining areas, particularly any nearby residential areas, in accordance with standards approvedbytheE.P.A.",other
14-Manufacturing-and-Industry.txt,"飩?the rezoning will not have adverse effect on the Region's environmental values, includinglandscape,flora,fauna,water,andairquality; 飩?the rezoning will not have an adverse effect on the Region's agriculture, tourism, andrecreational activities, oronroads orresidential amenity; 飩?the land is located so that it can be serviced by a major access route and that therewill benoadverseimpacts onsurroundingroads; 飩?asuitablebufferfrom residential development canbeprovided,and 飩?there is adequate provision of essential services and suitable provision for treatment of solid and liquid wastes and disposal of effluent, preferably through theprovisionofreticulatedliquidwastedisposal facilities.",other
14-Manufacturing-and-Industry.txt,14.05 Saw Mills 62.,other
14-Manufacturing-and-Industry.txt,"REGIONALSTRATEGYPLAN - MANUFACTURINGANDINDUSTRY New sawmills may be allowed in existing industrial zones or in appropriate zones withinRural PolicyAreas, providedthat it is demonstratedthat; 飩?thesiteis suitableandcapableofsupportingsuchauseanddevelopment; 飩?there are no physical or environmental constraints affecting the land on which thedevelopment andusewill occur; 飩?detriment tothelandscapevalues oftheareawill beminimised; 飩?thereis adequateprovisionofessential services; 飩?noise and waste discharges to the environment are controlled and are in accordancewithstandards approvedbytheE.P.A.; 飩?the land is not within an area subject to high bush fire danger and that appropriatemeasures forfirepreventionaretaken,and 飩?the land is serviced with suitable vehicular access and the development will not causeadversetrafficimpacts onsurroundingroads.",component
14-Manufacturing-and-Industry.txt,"14.06 Employment Issues In support of the primary purposes for these policies, consideration must be given not only to employment generation, but to servicing the educational and training needs of theRegion's residents.",other
14-Manufacturing-and-Industry.txt,"Ways inwhichthis canbeachievedinclude: 飩?examining ways in which the employment base of the Region can be broadened, includingtertiaryemployment; 飩?working with appropriate authorities to establish new employment initiatives which more adequatelyutilise the readysource of labour, particularlythe young, the unemployed and those on low incomes who have to commute long distances tofindemployment; and 飩?working with appropriate educational bodies to ensure the development of a comprehensive range of training and retraining opportunities for the Region's workforce.",other
16-Recreation-and-Tourism.txt,"The Yarra Valley's reputation for cool-climate quality wines is spreading, with an increasing recognition of the potential for related eating and overnight accommodation facilities, in select parts of the Region.",other
16-Recreation-and-Tourism.txt,"飩?Encourage a diverse range of tourist activities and facilities in appropriate locations, consistent with identified themes.",other
16-Recreation-and-Tourism.txt,"16.18 Roadside Stalls Land within a Rural Policy Area may be used for a roadside stall, subject to planning permit and provided that: 飩?only primary produce normally grown on the land on which the stall is situated, including fruit, vegetables, flowers and other farm produce, is to be sold; and 飩?the location of the roadside stall is appropriate, having regard to traffic considerations; the adequate provision of off-road car parking; and that advertising signs are designed and located so that they do not detract from the landscape character of the area.",permit_related
16-Recreation-and-Tourism.txt,16.10 Tourist Routes Appropriately signed and located tourist routes should be developed as a means of informing the public and to: 飩?assist in planning for recreation and tourism facilities; 飩?assist in the protection of environmentally and landscape sensitive areas; 飩?aid in interpreting the historic and cultural values of the area; and 飩?avoid residential areas where traffic conflicts could arise.,other
16-Recreation-and-Tourism.txt,"Opportunities for recreation and tourism activities and facilities in the Upper Yarra Valley must be promoted, to increase its attractiveness as an alternative to the Dandenong Ranges.",other
16-Recreation-and-Tourism.txt,"飩?The use or development must, if within a Township Policy Area, be connected to a reticulated sewerage system or, if in any other policy area, be capable of properly treating all wastewaters and disposing of effluent within its site.",other
16-Recreation-and-Tourism.txt,飩?The site must be both suitable for and capable of supporting the use or development.,other
16-Recreation-and-Tourism.txt,"However there is a need to carefully plan and coordinate the development of these facilities, to ensure that the Region's most valued assets - its environmental and landscape qualities - are maintained.",other
16-Recreation-and-Tourism.txt,REGIONAL STRATEGY PLAN - RECREATION AND TOURISM 飩?Any advertisements or signs must be located and designed so that they do not detract from the landscape character or unnecessarily distract passing traffic.,other
16-Recreation-and-Tourism.txt,"16.12 Roadside facilities The planning and provision on road sides for wayside stopping places, picnic and scenic lookout points, and recreation facilities, must be carried out in a manner which causes minimal adverse impact on landscape values, Sites of Natural and Cultural Significance, traffic movements and the residents of the Region: 16.13 Tourist and visitor accommodation and related facilities Visitors to the Region, particularly overnight visitors, should be encouraged to stay longer, in order to stimulate local economies, to provide employment opportunities for local communities, and to spread the visitor loadings over longer periods of time.",other
16-Recreation-and-Tourism.txt,"REGIONAL STRATEGY PLAN - RECREATION AND TOURISM 16.07 Recreation and tourism in Landscape Living Policy Areas A limited range of recreational and tourist opportunities may be allowed in appropriate locations within Landscape Living Policy Areas, provided they are in keeping with and enhance the overall character of the area, and they maintain the visual, environmental quality and residential amenity of the area.",other
16-Recreation-and-Tourism.txt,飩?Optimise employment and economic benefits to the Region's residents from appropriate recreation and tourism developments.,other
16-Recreation-and-Tourism.txt,"This is necessary to reduce the pressures of over use on the important landscape, environmental and visitor attraction values of the Region, particularly in the Dandenong Ranges.",other
16-Recreation-and-Tourism.txt,飩?The intrinsic value of existing native vegetation and its value as habitat for wildlife must be protected.,other
16-Recreation-and-Tourism.txt,"The challenge is to ensure that such gains can be achieved with minimum disruption to the environment, to the amenity of the local area, and to its community.",other
16-Recreation-and-Tourism.txt,"Two of Victoria's major tourist attractions, the Healesville Sanctuary and the Puffing Billy Tourist Railway, are located within the Region.",other
16-Recreation-and-Tourism.txt,"REGIONAL STRATEGY PLAN - RECREATION AND TOURISM In the information provided on the Dandenong Ranges, visitors must be made aware of alternative facilities and attractions to the Dandenong Ranges in other parts of the Region.",other
16-Recreation-and-Tourism.txt,"REGIONAL STRATEGY PLAN - RECREATION AND TOURISM 飩?the possibility of including disused linear features such as the Silvan aqueduct, disused railway reserves, road reserves, stream reserves and utility easements to create a network of walking, horse riding and bicycle tracks throughout the Region; 飩?where appropriate, the feasibility of leasing private land for purposes of linear linkages with Public Land; 飩?the need for such facilities, and their integration with existing facilities in particular locations, and 飩?the effects on local residents, on the environment, and on the landscape of the area in which any such facility is to be situated.",other
16-Recreation-and-Tourism.txt,"The primary purpose of policies for recreation and tourism on Public Land is to manage, maintain, and where necessary, improve existing recreation and tourism facilities, and to provide additional facilities and opportunities for a variety of recreational and tourism activities, whilst ensuring that any adverse effects on natural resources, water quality, landscape, environmental character and environmental values, residential amenity and roads, are minimised.",other
16-Recreation-and-Tourism.txt,"In planning and developing recreation facilities and systems within the Region, Government Departments, public authorities, Councils and other agencies responsible for the management of those recreation facilities and systems must consider the approved recommendations of the Land Conservation Council, and must have regard to: 74.",authority
16-Recreation-and-Tourism.txt,"16.14 Caravan parks Land which is proposed to be used for a caravan park must either be located within: 飩?a Township Policy Area or a Rural Policy Area and be included within a zone that specifically provides for such uses; or 飩?the townships of Warburton, Healesville and Yarra Glen, where the use may be allowed subject to a planning permit.",permit_related
16-Recreation-and-Tourism.txt,"Councils should encourage and facilitate the provision of a range of tourist and visitor accommodation, in appropriate localities, in order to encourage tourists and visitors to stay in the Region for longer periods of time.",authority
16-Recreation-and-Tourism.txt,"飩?Encourage positive attitudes amongst the Region's residents, relevant bodies and local councils towards the development of recreation and tourism in the Region, including the provision of associated education and training opportunities and to provide for public consultation.",authority
16-Recreation-and-Tourism.txt,"The Department of Conservation Natural Resources, Melbourne Parks & Waterways, Council and other relevant public agencies, in consultation with Council, must review and coordinate the use of water frontages in the Yarra River catchment within the Region.",authority
16-Recreation-and-Tourism.txt,REGIONAL STRATEGY PLAN - RECREATION AND TOURISM 16.,other
16-Recreation-and-Tourism.txt,"16.26 Disused Lilydale-Healesville Railway Reserve Government Departments and Public Authorities which own/control and manage the Lilydale-Healesville Railway must, should this railway not be re-established as a commuter rail service, assist in the development of a strategy for its use as a `tourist' railway.",other
16-Recreation-and-Tourism.txt,"To achieve this, a planning permit must be required to develop new tourist accommodation establishments.",permit_related
16-Recreation-and-Tourism.txt,These plans should also provide for the publishing of brochures and other material promoting the use of these areas for suitable recreational activities.,other
16-Recreation-and-Tourism.txt,"REGIONAL STRATEGY PLAN - RECREATION AND TOURISM Camping grounds and camping opportunities for bushwalkers, cyclists, kayakers and rafters should only be allowed on Public Land or in appropriate locations near linear trails or near appropriate rivers.",other
16-Recreation-and-Tourism.txt,REGIONAL STRATEGY PLAN - RECREATION AND TOURISM 飩?it is temporary tourist accommodation provided by the resident of a dwelling; 飩?no more than 5 tourists are accommodated at any one time; 飩?no new building is constructed; and 飩?specified car parking and advertising sign requirements are met.,other
16-Recreation-and-Tourism.txt,"It integrates environmental objectives with economic and social goals, by encouraging the tourist industry to develop with themes compatible with environmental protection, and by creating jobs for local people.",other
16-Recreation-and-Tourism.txt,"16.24 The Yarra River System The Yarra River and its main tributaries below the major water supply reservoirs/dams must be recognised as a special recreational feature, and encouragement must be given to the provision of opportunities, where appropriate, for a variety of recreational activities, including walking tracks, picnic areas, and access for water-based activities.",other
16-Recreation-and-Tourism.txt,"Approximately 70% of the Region's land is held in public ownership, and within this area significant land has been set aside for parks.",other
16-Recreation-and-Tourism.txt,"These themes include: 飩?Lifestyle experiences, health, good living; 飩?Rural environment (space, vistas, agriculture); 飩?Wineries; 飩?Natural environment (mountains, forests, rivers and streams, flora and fauna); 飩?Major attractions (e.g.",other
16-Recreation-and-Tourism.txt,"16.09 Promotion of tourism and recreation The Region should be promoted for tourism and recreation through major themes, which have been identified as major strengths and which reflect the values important to the Region and its visitors.",other
16-Recreation-and-Tourism.txt,Both `developed' and `natural' parks within the Region attract thousands of visitors annually.,other
16-Recreation-and-Tourism.txt,"Donna Buang as an all-season tourist destination, with an emphasis on the nearest snow-play area to Melbourne, its magnificent scenery, and the opportunity for healthy outdoor activities, provided that the adjacent Watts River and Maroondah catchment are properly protected; 飩?development of a variety of tourist/visitor accommodation, including low-key farm holiday opportunities and associated outdoor activities; 飩?development of attractions associated with timber getting and gold mining; 飩?re-establishment of the historic rail service from Lilydale to Healesville, with the operation of old steam trains, and the re-development of Healesville Railway Station as an attraction featuring transportation history and related matters; 飩?development of roadside signs in appropriate locations to guide day-trippers to other tourist locations away from the Dandenong Ranges; 飩?development of and crafts activities related to established themes; and 飩?establishment of restaurants, tearooms and coffee houses reflecting the hospitality trade of the area.",other
16-Recreation-and-Tourism.txt,`Natural' recreation areas are generally found in the forested areas of the ranges surrounding the Yarra Valley and in the Olinda State Forest and at Mt.,other
16-Recreation-and-Tourism.txt,"16.16 Hotels Hotels may only be allowed within commercial or activity centres in Township Policy Areas, and must be controlled to protect the amenity of residents, and the visual and environmental quality of the area.",other
16-Recreation-and-Tourism.txt,Dandenong Ridge Area must be limited.,other
16-Recreation-and-Tourism.txt,"In the Dandenong Ranges, the diverse range of cultural attractions, the picturesque gardens, and the contrasting urban-rural landscapes and bushland settings provide an ideal focus for local, interstate and international visitors.",other
16-Recreation-and-Tourism.txt,"16.27 Linear Recreation Opportunities The development of a regional system of walking, horse riding and bicycle tracks, in a variety of landscapes connecting townships and other private land with Public Land, must be encouraged and coordinated.",other
16-Recreation-and-Tourism.txt,"16.19 General use and development policies for tourism and recreation facilities In order to conform with these policies, and to ensure the sustainability of environmental amenity and opportunities for recreation and tourism, any use or development for recreation or tourism purposes, which requires a planning permit, must comply with the following: 飩?Any undesirable effects of the use or development by reason of its appearance, discharge of wastes into the environment, excessive noise or traffic generation, or the like, must be minimised and/or controlled.",permit_related
16-Recreation-and-Tourism.txt,"16.20 Transport modes The use of transport modes other than private motor vehicles, for recreation and tourism activities, must be encouraged in order to lessen any adverse effects on the Region's environment and residential amenity, and to reduce traffic demands on the Region's road system.",other
16-Recreation-and-Tourism.txt,"16.25 Disused Lilydale-Warburton Railway Reserve Staged development of the Lilydale-Warburton Railway Reserve and other disused railway reserves for walking, cycling, horse riding and other compatible activities will be encouraged, without prejudice to the possible future use of these reserves for transport purposes if required.",other
16-Recreation-and-Tourism.txt,"As Melbourne continues to grow in area and population, particularly in the South East Growth Area (Berwick and Pakenham), it is expected that the number of Melbourne residents using major parks just beyond the metropolitan area will also grow.",other
16-Recreation-and-Tourism.txt,"Dandenong Ridge Area, must ensure that there is generally no further provision of such facilities within this area, but at the same time, recognise the possibility for upgrading and relocating existing facilities.",other
16-Recreation-and-Tourism.txt,"16.06 Recreation and tourism in Township Policy Areas The provision of recreation and tourism facilities and services in Township Policy Areas must be carried out in a manner which: 飩?ensures that any new facilities and/or services are located and designed to be compatible with the current and future needs of local residents and visitors, and 飩?maximises economic and other benefits to the local community, while minimising adverse impacts on the amenity of local residents, and on the area's landscape character and environment.",other
16-Recreation-and-Tourism.txt,"In addition, there is significant tourist activity associated with the Yarra Valley wine industry.",other
16-Recreation-and-Tourism.txt,"16.21 Primary purpose - Recreation and Tourism on Public Land Planning, provision and management of recreation facilities on Public Land is to be undertaken by the appropriate Government Department or public authority.",authority
16-Recreation-and-Tourism.txt,"16.15 Tourist accommodation The use or development of land for tourist accommodation must be controlled to protect the amenity of residents and the visual and environmental capacity of the area, and to ensure consideration is given to the primary purposes of the relevant policy area for the land.",other
16-Recreation-and-Tourism.txt,"飩?Encourage coordination of the planning, provision and promotion of recreation and tourism facilities in the Region.",other
16-Recreation-and-Tourism.txt,"The opportunity for residents to use such facilities and activities must also be considered 16.04 Protection of the environment, landscapes and resident鈥檚 amenity Wherever possible, and for all new developments, recreation and tourism activities must be conducted in appropriate locations in the Region, away from areas where the impacts of such activities could be detrimental to the area's residents or to its environmental and landscape values.",other
16-Recreation-and-Tourism.txt,"The reservoir parks associated with Melbourne鈥檚 water supply, such as Maroondah and Silvan reservoirs, have been popular for decades as a `developed' recreation setting.",other
16-Recreation-and-Tourism.txt,"16.11 Information and interpretation Tourism and recreation information and interpretation facilities for the Upper Yarra Valley and the Dandenong Ranges (including appropriate signage) need to be provided in appropriate locations, to inform visitors of the nature and location of tourism and recreation facilities and services available.",other
16-Recreation-and-Tourism.txt,"16.23 Promotion of Public Land for recreation Government Departments and Public Authorities responsible for the management of recreation facilities must, when preparing management plans, make provision for the establishment or continued use of appropriate recreation facilities in the Lysterfield Lake Park and other appropriate public land areas beyond the Mount Dandenong main ridge.",other
16-Recreation-and-Tourism.txt,"Healesville Sanctuary, Puffing Billy Railway, Upper Yarra Dam, Mt Donna Buang), and 飩?History and Heritage (e.g.",other
16-Recreation-and-Tourism.txt,"The designation of tourist routes must include consultation with Vic Roads, local Councils and, where appropriate, the Department of Conservation and Natural Resources, Melbourne Parks and Waterways and other relevant bodies.",authority
16-Recreation-and-Tourism.txt,"A number of recent recreational trends need to be taken into account in the planning, development and management of the Region's open space.",other
16-Recreation-and-Tourism.txt,"飩?Facilitate resolution of existing problems or deficiencies in tourism and recreation infrastructure, through coordination between Government Departments and other relevant public agencies, Councils and local tourism and recreation bodies.",authority
Am-122-Upper-Yarra-Valley-and-Dandenong-Ranges-RSP-Amendment.txt,"It also stipulates that: ""Any net increase in the total provision for residential development in the Policy Area shall be contained within the aims of this Policy.",other
Am-122-Upper-Yarra-Valley-and-Dandenong-Ranges-RSP-Amendment.txt,"The Region's major road network andits publictransport system servetwodistinct areas of population, a southern sector covering the southern part of the Dandenong Ranges and the much larger northern sector including the Yarra Valleyand northern Dandenong Ranges.",other
Am-122-Upper-Yarra-Valley-and-Dandenong-Ranges-RSP-Amendment.txt,"Other products important in the Region鈥檚 economy include fruit and vegetables, cattle grazing and dairying.",other
Am-122-Upper-Yarra-Valley-and-Dandenong-Ranges-RSP-Amendment.txt,"DISTRIBUTOR AND LOCAL ROADS 3.1 Land UseManagementMeasures Measures aimedat theenhancement oflocal trafficareas consist of: (i) giving higher priority to local activities and safety consideration than to traffic movement; and (ii) restricting land uses, except schools, on Distributor Roads which generate large amounts oftraffic.",other
Am-122-Upper-Yarra-Valley-and-Dandenong-Ranges-RSP-Amendment.txt,"Further research into the Yarra River and its tributaries, particularly the Yarra Valley wetlands, including measures for protection and rehabilitation of natural habitats and systems, shouldbeencouraged.",other
Am-122-Upper-Yarra-Valley-and-Dandenong-Ranges-RSP-Amendment.txt,"86 Lot 1 Dalry Rd, Healesville.",other
Am-122-Upper-Yarra-Valley-and-Dandenong-Ranges-RSP-Amendment.txt,"Approximately 70% of the Region's land is held in public ownership, and within this area significant land has been set aside for parks.",other
Am-122-Upper-Yarra-Valley-and-Dandenong-Ranges-RSP-Amendment.txt,Gazettal Authority Approval Details Policies Date Reference Date Affected Amendment no.,authority
Am-122-Upper-Yarra-Valley-and-Dandenong-Ranges-RSP-Amendment.txt,REGIONALSTRATEGYPLAN - SCHEDULEFOUR-ENVIRONMENTALWEEDS Fragrant Violet Violaodorata Giant HoneyMyrtle Melaleucaarmillaris Golden WreathWattle Acaciasaligna Great Mullein Verbascumthapsus Hawthorn* Crataegus monogyna Hemlock Coniummaculatum HimilayanHoneysuckle Leycesteriaformosa Holly Ilexaquifolium HoneyMyrtle Melaleucahypericifolia ItalianBuckthorn Rhamnus alaternus JapaneseHoneysuckle Lonicera japonica Karamu Coprosmarobusta Karo Pittosporumcrassifolium Laurestinus Vibernumtinus MannaAsh Fraxinus ornus Montbretia Crocosmiaxcrocosmiifolia MorningGlory Ipomoeaindica MyrtleLeafMilkwort Polygaliamyrtifolia Pampas Grass Cortaderiaselloana PeruvianLily Alstromeriaaurea Plum Prunus spp.,component
Am-122-Upper-Yarra-Valley-and-Dandenong-Ranges-RSP-Amendment.txt,"Menzies Creek (Part,west of RB Sb6 WellingtonRoad) 115.",other
Am-122-Upper-Yarra-Valley-and-Dandenong-Ranges-RSP-Amendment.txt,"Small Neighbourhood Activity Centres These centres have a more limited role in providing convenience retailing and community facilities for an Coldstream, Montrose, Mount immediate surrounding catchment.",other
Am-122-Upper-Yarra-Valley-and-Dandenong-Ranges-RSP-Amendment.txt,"35 90.0054 This amendment is to Affected provide for the extension of Policies; Urban Policy areas in the Urban Policy Lilydale area, in particular to Area Maps.",other
Am-122-Upper-Yarra-Valley-and-Dandenong-Ranges-RSP-Amendment.txt,Frenchman鈥檚 Spur Outstandingareas ofalpinevegetation currentlyunderthreat ofloggingand/or clearing.,other
Am-122-Upper-Yarra-Valley-and-Dandenong-Ranges-RSP-Amendment.txt,"5.02 Regional Goals and Objectives The regional goal for Rural Policy Areas is to ensure that rural land in the Region is protected and maintained for agricultural and rural activities and that rural landscapes are protected, maintained and where necessary improved, for the benefit of the present andfuturegenerations.",other
Am-122-Upper-Yarra-Valley-and-Dandenong-Ranges-RSP-Amendment.txt,Gazettal Authority Approval Details Policies Date Reference Date Affected Amendment no.,authority
Am-122-Upper-Yarra-Valley-and-Dandenong-Ranges-RSP-Amendment.txt,REGIONALSTRATEGYPLAN - HUMANSERVICES 12.,other
Am-122-Upper-Yarra-Valley-and-Dandenong-Ranges-RSP-Amendment.txt,"Lot 1 LP 124378, Dalry Road, Launnching Place, may be subdivided 5.17 into 2 lots subject to the grant of a permit and to an agreement under Am 86 Section 173 of the Planning & Environment Act to protect remnant vegetation.",permit_related
Am-122-Upper-Yarra-Valley-and-Dandenong-Ranges-RSP-Amendment.txt,Amendment NO.18 will be revoked.,other
Am-122-Upper-Yarra-Valley-and-Dandenong-Ranges-RSP-Amendment.txt,"飩?Retain, maintain and enhance the important and immediate existing visual environs ofthePuffingBillyRailway.",other
Am-122-Upper-Yarra-Valley-and-Dandenong-Ranges-RSP-Amendment.txt,"66 93/0215 Site-specific (Sec.21) amendment, M.T.",other
Am-122-Upper-Yarra-Valley-and-Dandenong-Ranges-RSP-Amendment.txt,THE REGION AND ITS FUTURE 4 3.,other
Am-122-Upper-Yarra-Valley-and-Dandenong-Ranges-RSP-Amendment.txt,"These programs are designed to jointly satisfy the environmental impact question, and also to help landowners facing difficulties withtheseproblem subdivisions.",other
Am-122-Upper-Yarra-Valley-and-Dandenong-Ranges-RSP-Amendment.txt,Melbourne Water is also involved in fire prevention and suppression on land under its control.,other
Am-122-Upper-Yarra-Valley-and-Dandenong-Ranges-RSP-Amendment.txt,"The resources of Public Land in the Region have values for water and timber production, flora and fauna conservation, tourism and recreation, landscape protection andmany otherminoruses.",other
Am-122-Upper-Yarra-Valley-and-Dandenong-Ranges-RSP-Amendment.txt,"Except for the provision of a dependent relative unit, onlyone house maybe allowed on anylot ortenement holding(whereit applies).",other
Am-122-Upper-Yarra-Valley-and-Dandenong-Ranges-RSP-Amendment.txt,"4.6 The susceptibility of the Yarra River and its tributaries to local and regional flooding, their importance for drainage, and the need to integrate land use planningwithfloodplainmanagement.",other
Am-122-Upper-Yarra-Valley-and-Dandenong-Ranges-RSP-Amendment.txt,"59 93/0249 Site-specific subdivision ** approved, not yet exception, Glenview Rd, incorporated in Monbulk [8.30] (j) ] (See strategy plan L106) Amendment no.",other
Am-122-Upper-Yarra-Valley-and-Dandenong-Ranges-RSP-Amendment.txt,"8129 fol.863) Warburton Hwy, Wandin 5.17 North, may be subdivided into 2 lots generally in accordance with the Am 89 plan prepared by Millar and Merigan (drawing no.",other
Am-122-Upper-Yarra-Valley-and-Dandenong-Ranges-RSP-Amendment.txt,"36 89 This amendment is to provide for the approval of an amendment to the Healesville Planning Scheme, and is a Sec'n 20 'Ministerial' amendment to release a 'tenement control from CA.",authority
Am-122-Upper-Yarra-Valley-and-Dandenong-Ranges-RSP-Amendment.txt,"98 Lubra Bend, Healesville Amendment no.",other
Am-122-Upper-Yarra-Valley-and-Dandenong-Ranges-RSP-Amendment.txt,Water Harvesting 17.03 Primary Purpose The primary purpose of the water harvesting policies is to maintain the opportunity for high water quality harvesting for domestic and other beneficial uses from the Yarra Riverandothercatchments withintheRegion.,other
Am-122-Upper-Yarra-Valley-and-Dandenong-Ranges-RSP-Amendment.txt,"19.12 Public Transport - General Policies To ease problems of accessibility and to assist in the conservation of fuel, public transport services and facilities in the Region must be maintained, and where possible improved,tomeet theneeds ofpublictransport users, includingas appropriate: 飩?extensionofpublictransport services; 飩?integrationofbus andrail schedules; 飩?improved car parking provisions and other interchange facilities at railway stations; 飩?provisionofbetterpublictransport informationsystems; and 飩?promotion aimed towards improved patronage of existing bus, rail and other publictransport services.",other
Am-122-Upper-Yarra-Valley-and-Dandenong-Ranges-RSP-Amendment.txt,"As in the Rural Landscape 1 Policy Area, the land in this Policy Area has been extensively subdivided.",other
Am-122-Upper-Yarra-Valley-and-Dandenong-Ranges-RSP-Amendment.txt,The policies of the Regional Strategy Plan have been prepared on the basis of a total catchment approach to water resource conservation.,other
Am-122-Upper-Yarra-Valley-and-Dandenong-Ranges-RSP-Amendment.txt,"飩?Require the long term restructuring of land holdings within some of the existing subdivisions, where these areas are inappropriately subdivided having regard for local environmental,servicingandlandscapeconsiderations.",other
Am-122-Upper-Yarra-Valley-and-Dandenong-Ranges-RSP-Amendment.txt,HealesvilleSanctuary; S Hv3 Coranderrk &surrounds RA 6.,other
Am-122-Upper-Yarra-Valley-and-Dandenong-Ranges-RSP-Amendment.txt,SCHEDULE THREE SITES OF NATURAL SIGNIFICANCE 1.,component
Am-122-Upper-Yarra-Valley-and-Dandenong-Ranges-RSP-Amendment.txt,"This is most apparent in the western parts of Mooroolbark, Kilsyth and ChirnsidePark.",other
Am-122-Upper-Yarra-Valley-and-Dandenong-Ranges-RSP-Amendment.txt,"18.08 Works and undertakings associated with the supply of electricity In addition to any other requirement of the Regional Strategy Plan, electricity supply authorities must consult withtherelevant local Council duringtheplanningoftheworks and undertakings of the type or in the areas specified below, and must have regard to any requirements of that Council and must ensure that the works or undertakings are in conformitywiththeRegional StrategyPlan: 飩?All works and undertakings associated with the keeping of electricity lines and assets clear of trees and other vegetation, unless such works are low voltage supply improvements and/or extensions (both over-head lines and underground cable); 飩?Maintenance programs for routine tree trimming and removal must be in accordance with the 鈥楥ode of Practice for Tree Clearing鈥? and where necessary, special attention (in accordance with the Code of Practice) must be given to 83 REGIONALSTRATEGYPLAN - SERVICENETWORKS botanically, historically or aesthetically significant stands of trees, and to trees within or adjacent to National Trust of Australia (Victoria) 鈥榗lassified鈥?or 鈥榬ecorded鈥檒andscapes.",authority
Am-122-Upper-Yarra-Valley-and-Dandenong-Ranges-RSP-Amendment.txt,Pauls Range Disturbedvegetationnot well represented withinexistingreserves.,other
Am-122-Upper-Yarra-Valley-and-Dandenong-Ranges-RSP-Amendment.txt,the S.W of Black Springs Road.,other
Am-122-Upper-Yarra-Valley-and-Dandenong-Ranges-RSP-Amendment.txt,"At the same time, there is a need to more adequately refinetheways bywhichtherisk ofwildfireis identified.",other
Am-122-Upper-Yarra-Valley-and-Dandenong-Ranges-RSP-Amendment.txt,The Regional Strategy Plan promotes the need to develop a sustainable economy.,other
Am-122-Upper-Yarra-Valley-and-Dandenong-Ranges-RSP-Amendment.txt,All land within the municipal district of the Shire of Yarra Ranges.,other
Am-122-Upper-Yarra-Valley-and-Dandenong-Ranges-RSP-Amendment.txt,Policies for Land Use and Management in Landscape Living Policy Areas 4.04 Land use Land uses must be compatible with the regional goals for Landscape Living Policy Areas andtheprimarypurposeforeachLandscapeLivingPolicyArea.,other
Am-122-Upper-Yarra-Valley-and-Dandenong-Ranges-RSP-Amendment.txt,"In recognition of the difficulties of justifying conventional public transport services in sparsely populated areas, they also encourage the development of demand/response services and other measures for improving access to services and facilities formoreoftheRegion's residents.",other
Am-122-Upper-Yarra-Valley-and-Dandenong-Ranges-RSP-Amendment.txt,"REGIONALSTRATEGYPLAN - PUBLICLANDPOLICIES 6.05 Management of Public Land Public Land must be used and managed in accordance with State Planning Policies for the Region, recommendations of the Land Conservation Council which have been adopted by Government, and in a manner which is consistent with the Regional Objectives forPublicLand.",other
Am-122-Upper-Yarra-Valley-and-Dandenong-Ranges-RSP-Amendment.txt,"Maintaining clearance between trees and other vegetation and powerlines is necessary for public safety, and the manner in which that is achieved must recognise not only the costs, but also the alternatives tothemethodofprovidingpowerinthat location,bearing in mind the long term need to protect the environmental and landscape character of the area.",other
Am-122-Upper-Yarra-Valley-and-Dandenong-Ranges-RSP-Amendment.txt,"REGIONALSTRATEGYPLAN - SCHEDULEONE-STATEPLANNINGPOLICY 4.9 Forested areas of significance for hardwood timber production, recreation, landscape quality, conservation and water catchment, and which require careful management tomaintaintheirvalueforthosepurposes.",component
Am-122-Upper-Yarra-Valley-and-Dandenong-Ranges-RSP-Amendment.txt,"Am 56 CA 8K, Belgrave-Hallam Road/Engelke Road, Belgrave South, may 5.10 subject to the grant of a permit, be subdivided into a maximum of 2 lots, 5.17 provided not more than one house is erected or retained on each lot.",permit_related
Am-122-Upper-Yarra-Valley-and-Dandenong-Ranges-RSP-Amendment.txt,Emerald Monbulk Rd Amendment no.,other
Am-122-Upper-Yarra-Valley-and-Dandenong-Ranges-RSP-Amendment.txt,"4.8 Areas that have been inappropriately subdivided in the Policy Area, and that haveapotential fordetriment ifdevelopedinpresent form.",other
Am-122-Upper-Yarra-Valley-and-Dandenong-Ranges-RSP-Amendment.txt,Gazettal Authority Approval Details Policies Date Reference Date Affected from CA's 65E and 65D Ellis Rd Toolangi Amendment no.,authority
Am-122-Upper-Yarra-Valley-and-Dandenong-Ranges-RSP-Amendment.txt,"EXTRACTIVE INDUSTRY, MINING & SOIL REMOVAL 64 16.",other
Am-122-Upper-Yarra-Valley-and-Dandenong-Ranges-RSP-Amendment.txt,REGIONALSTRATEGYPLAN - TOWNSHIPPOLICYAREAS 3.,other
Am-122-Upper-Yarra-Valley-and-Dandenong-Ranges-RSP-Amendment.txt,"飩?The land is affected by Special Study Area or Restructure provisions and the subdivisionis inaccordancewiththerequirements ofthoseprovisions 飩?The subdivision is for a multi-dwelling, shop, office, factoryor other similar use, whichis inaccordancewithaplanningscheme.",other
Am-122-Upper-Yarra-Valley-and-Dandenong-Ranges-RSP-Amendment.txt,12.02 Primary Purpose The primary purpose of the Human Services Policy is to ensure that all current and future land use planning decisions are considered in relation to the impact they may have on the usage of existing human services and facilities and whether such decisions will necessitatetheprovisionofadditional services andfacilities.,other
Am-122-Upper-Yarra-Valley-and-Dandenong-Ranges-RSP-Amendment.txt,"Outdoor social activities such as picnics and barbecues have maintained their traditional appeal, particularly for family groups and organisations.",other
Am-122-Upper-Yarra-Valley-and-Dandenong-Ranges-RSP-Amendment.txt,REGIONALSTRATEGYPLAN - SCHEDULETHREESITESOFNATURALSIGNIF.,component
Am-122-Upper-Yarra-Valley-and-Dandenong-Ranges-RSP-Amendment.txt,"HenryStreetbushland,Woori Yallock RB NEW 28.",other
Using-Victorias-Planning-System.txt,"However, a certificate gives some certainty in interpreting a scheme, or in establishing the extent of existing use rights that predate the scheme.",other
Using-Victorias-Planning-System.txt,A certificate cannot be issued subject to conditions but it may include information setting out any requirements that the proposed use or development would need to meet in order to comply with the scheme.,other
Using-Victorias-Planning-System.txt,A title search should be undertaken to confirm the owner of the land.,other
Using-Victorias-Planning-System.txt,Such objections may not lead to rights to seek a review of a decision.,other
Using-Victorias-Planning-System.txt,......................................................................................,other
Using-Victorias-Planning-System.txt,"The prescribed format of an official warning does not provide for any scope to direct an offender to rectify a breach, to cease a non-compliant use and/or development or show cause why the responsible authority should not take further action.",authority
Using-Victorias-Planning-System.txt,Processing a claim 飦?Is the size of the claim such that it may be rejected under section 103 of the Planning and Environment Act 1987?,other
Using-Victorias-Planning-System.txt,"Therefore, a planning scheme does not apply to a 鈥楥ommonwealth place鈥?",other
Using-Victorias-Planning-System.txt,Commonwealth land is identified as 鈥楥A鈥?on planning scheme maps.,component
Using-Victorias-Planning-System.txt,"In an application under section 82 or 82B of the PE Act, the applicant for the permit may elect to have the proceeding entered into the Major Cases List at any time on payment of the relevant fee.",other
Using-Victorias-Planning-System.txt,"PEA ss 62(1)(b), (4), 62(6) The responsible authority must not include a condition that: 鈥?conflicts with any condition required by the planning scheme or a determining referral authority 鈥?is inconsistent with the Building Act 1993, and regulations under that Act or a relevant determination of the Building Appeals Board under the Building Act 鈥?requires a person to pay an amount for or provide works, services or facilities except in accordance with section 62(6).",authority
Using-Victorias-Planning-System.txt,Enforcement order proceedings are not designed to punish by way of a financial penalty.,other
Using-Victorias-Planning-System.txt,More information about giving evidence and cross-examination of witnesses is provided later in this chapter.,other
Using-Victorias-Planning-System.txt,PEA s 83(3) A recommending referral authority is a party to a proceeding for review if the authority is given notice of the application for review.,definition
Using-Victorias-Planning-System.txt,The PE Act does not specify what matters can be taken into account by the planning authority in deciding whether a person or body could be materially affected by an amendment and application under this division of the Act.,authority
Using-Victorias-Planning-System.txt,"PEA s 96B(1) Under section 96C of the PE Act, a planning authority cannot exempt itself from the requirement to give individual notice of an amendment where the number of owners and occupiers affected makes it impractical to do so.",authority
Using-Victorias-Planning-System.txt,LACA s 84A The Supreme Court and VCAT also have discretion to transfer a dispute to the other forum on the application of a party or by its own motion.,authority
Using-Victorias-Planning-System.txt,"CHAPTER 3 鈥?Planning Permits - Page | 81 Using Victoria鈥檚 Planning System The application should include all the information needed for the responsible authority to adequately consider it, including: 鈥?any potential environmental, social and economic impacts associated with the proposal 鈥?a description of how the proposal is consistent with the relevant state planning policies, the MPS, and the local sections of the PPF 鈥?a description of how the application responds to or is consistent with the purpose and particular requirements of the zone and overlay provisions, or other particular provisions that may apply to the application 鈥?a response to any relevant decision guidelines set out in the planning scheme which the responsible authority must consider in deciding the application 鈥?the written consent of the public land manager if the application relates to land in a public land zone.",authority
Using-Victorias-Planning-System.txt,"This means that, from the date of publication, the acquiring authority owns the land, even if compensation has not by then been assessed or paid.",authority
Using-Victorias-Planning-System.txt,"Whether the applicant or the responsible authority gives the notice, it is desirable to coordinate the timing of different forms of notice.",authority
Using-Victorias-Planning-System.txt,The applicant cannot apply to VCAT for a review of this initial decision.,authority
Using-Victorias-Planning-System.txt,..........................................................................................................................,other
Using-Victorias-Planning-System.txt,Section 125 of the PE Act allows an application to a court or VCAT for an injunction restraining any person from contravening an enforcement or interim enforcement order.,authority
Using-Victorias-Planning-System.txt,139 CHAPTER 3 鈥?Planning Permits - Page | 75 Using Victoria鈥檚 Planning System 3.1 Planning permits overview 3.1.1 What is a planning permit?,definition
Using-Victorias-Planning-System.txt,172 5.4.6 Questioning an expert witness ...............................................................................................................................,other
Using-Victorias-Planning-System.txt,.....................................................................................,other
Using-Victorias-Planning-System.txt,CHAPTER 5 鈥?Reviews - Page | 163 Using Victoria鈥檚 Planning System Referral authority PEA s 83(1) A determining referral authority is a party to a proceeding for refusal to grant a permit if it had objected to the grant of a permit or the permit application was refused because a condition required by the referral authority conflicted with a condition required by another referral authority.,definition
Using-Victorias-Planning-System.txt,7.6.2 Who may apply for cancellation or amendment?,other
Using-Victorias-Planning-System.txt,This would enable the hearing to proceed on the basis of the applicant鈥檚 鈥榩referred鈥?permit application or plans.,permit_related
Using-Victorias-Planning-System.txt,"Municipal council PEA ss 8A, 8B, 16F, 16I A council is a planning authority for any planning scheme in force in its municipal district and for an area adjoining its municipal district for which it is authorised by the Minister to prepare an amendment.",definition
Using-Victorias-Planning-System.txt,"LACA s 37 If no offer is made to a person entitled to compensation, that person may make a claim within two years after the date of acquisition.",other
Using-Victorias-Planning-System.txt,It cannot directly achieve a cessation of the act complained of (or rectification or reinstatement) unless the person who is prosecuted voluntarily does this in an attempt to lessen a penalty or agrees to do it as a condition of any bond imposed by way of penalty.,other
Using-Victorias-Planning-System.txt,81 The prescribed time for a responsible authority to decide on a request for consent or where a matter must be done to the satisfaction of a specified body (usually council) is 30 days.,authority
Using-Victorias-Planning-System.txt,Land identified for a public purpose in an infrastructure contributions plan is dealt with under Part 3AB of the PE Act.,other
Using-Victorias-Planning-System.txt,"The Heritage Overlay, for example, applies to heritage places of natural or cultural significance and describes the requirements that apply.",definition
Using-Victorias-Planning-System.txt,Section 87(1)(a) allows an application to VCAT to be made for cancellation or amendment of a permit if there has been a material mis-statement or concealment of fact in relation to the application.,permit_related
Using-Victorias-Planning-System.txt,See the Australia Post website for estimated delivery times.,other
Using-Victorias-Planning-System.txt,Can additional notice of an amendment and application be required?,other
Using-Victorias-Planning-System.txt,233 8.6.1 Mortgagee鈥檚 consent ....................................................................................................................................................,other
Using-Victorias-Planning-System.txt,PEA s 83AA It is common for a proceeding to involve more than one objector.,other
Using-Victorias-Planning-System.txt,"2.12.2 Ratification of a combined amendment and permit PEA ss 46AH(2), 46AZE(2) If a permit has been granted under section 96I of the PE Act in respect of an amendment that requires ratification, the Minister must cause a notice of the grant of the permit to be laid before each House of Parliament.",permit_related
Using-Victorias-Planning-System.txt,There is no ability to vary the zones or to introduce local zones.,component
Using-Victorias-Planning-System.txt,VCAT鈥榮 role in applications of this nature is to review whether or not the procedures set down in the PE Act have been correctly followed.,authority
Using-Victorias-Planning-System.txt,Setting the hearing date The Registrar sets the date of the hearing.,other
Using-Victorias-Planning-System.txt,Any responsible authority or other person contemplating taking such direct action should proceed with great caution and only on the basis of well-informed legal advice.,authority
Using-Victorias-Planning-System.txt,"The responsible authority is exempt from this requirement if: 鈥?the referral authority has already considered the proposal within the past three months and stated, in writing, that it does not object to the granting of a permit; or 鈥?in its opinion, the proposal satisfies requirements or conditions previously agreed in writing between the responsible authority and the referral authority; or 鈥?the application concerns an extractive industry work plan or variation to a work plan and the work plan (or variation) was given to an authority under section 77TE of the Mineral Resources (Sustainable Development) Act 1990.",authority
Using-Victorias-Planning-System.txt,Advice on good practice is provided in Planning Practice Note 54 鈥?Managing Referrals and Notice Requirements.,other
Using-Victorias-Planning-System.txt,"As long as the planning documents are used for the purpose of the public planning process, including relevant community consultation, no breach of copyright will occur.",other
Using-Victorias-Planning-System.txt,A panel may inform itself in any way it thinks fit without notice to any person who has made a submission.,other
Using-Victorias-Planning-System.txt,"PEA s 52 There is no right of review by VCAT in relation to notice requirements under sections 52(1) (a), (b) and (c), which relate to giving notice to owners and occupiers of adjoining land, to a council, or to any person to whom the planning scheme requires notice be given.",authority
Using-Victorias-Planning-System.txt,"CHAPTER 3 鈥?Planning Permits - Page | 87 Using Victoria鈥檚 Planning System 3.2.7 Amending an application 鈥?before notice is given PEA s 50, 50A, 57A An applicant or a responsible authority with the agreement of the applicant may amend an application before notice is first given under section 52 of the PE Act.",authority
Using-Victorias-Planning-System.txt,"If the authority rejects the claim by the claimant, the claim becomes a disputed claim.",authority
Using-Victorias-Planning-System.txt,Responsible authority鈥檚 decision 4.,authority
Using-Victorias-Planning-System.txt,"After the levy has been paid, the SRO will issue a levy certificate which must be submitted to the responsible authority with the application.",authority
Using-Victorias-Planning-System.txt,The council must issue a statement of compliance as soon as the applicant has provided all the prescribed information and has satisfied all requirements under the planning system and the Subdivision Act 1988.,authority
Using-Victorias-Planning-System.txt,"Under sections 19(1)(a) and (b) of the PE Act, a planning authority must form an opinion on whether or not the proposed amendment materially affects a specified person or body, and what notice should be given.",authority
Using-Victorias-Planning-System.txt,119 3.7 Cancellation or amendment of a permit by VCAT .....................................................................,other
Using-Victorias-Planning-System.txt,A note should be included at the end of the permit indicating the nature and date of the correction.,permit_related
Using-Victorias-Planning-System.txt,"However, should there be a query about notification procedures, the applicant will need to be able to demonstrate to the responsible authority, and possibly to VCAT, that the required notices were given on a particular date.",authority
Using-Victorias-Planning-System.txt,PEA s 96C(1)(f) 鈥?Notice to the owners and occupiers of land adjoining the site to which the permit application applies unless the planning authority is satisfied that the grant of a permit would not cause material detriment to any person.,authority
document_name,sentence,label
Using-Victorias-Planning-System.pdf,"A planning scheme is a statutory document that sets out objectives, policies and provisions for the use, development and protection of land.",definition
Using-Victorias-Planning-System.pdf,A zone identifies land for particular uses and controls how land may be used or developed.,definition
Using-Victorias-Planning-System.pdf,"An overlay applies additional controls to land for specific issues such as heritage, vegetation or flooding.",definition
Using-Victorias-Planning-System.pdf,A planning permit is a legal approval that may be required before a use or development can proceed.,definition
Using-Victorias-Planning-System.pdf,The responsible authority is the body that decides a planning permit application and administers planning controls.,definition
Using-Victorias-Planning-System.pdf,A planning authority is the body that prepares or amends a planning scheme.,definition
Using-Victorias-Planning-System.pdf,"A schedule adds local detail or specific requirements to a zone, overlay or other planning provision.",definition
Using-Victorias-Planning-System.pdf,A recommending referral authority is a referral authority that gives advice or recommendations on an application.,definition
Using-Victorias-Planning-System.pdf,A determining referral authority is a referral authority that can direct refusal or require conditions on a permit.,definition
Using-Victorias-Planning-System.pdf,The Heritage Overlay is a planning control that applies to places of natural or cultural heritage significance.,definition
