document_name,term,definition,purpose_or_function,permit_related_information,authority_involved,related_components,source_section
01-Preface-to-Regional-Strategy-Plan.pdf,planning scheme,"1.05 More Restrictive Controls In the event that special local circumstances require more restrictive land use, development or subdivision management controls, a planning authoritymayincorporate such provisions through amendments to its planning scheme, provided that there is no overall conflict withthepolicies andobjectives oftheRegional StrategyPlan.",Controls land use and development.,Not specified,Not specified,planning scheme,1.05
01-Preface-to-Regional-Strategy-Plan.pdf,zone,Not specified,Not specified,Not specified,Not specified,Not specified,Not specified
01-Preface-to-Regional-Strategy-Plan.pdf,overlay,Not specified,Not specified,Not specified,Not specified,Not specified,Not specified
01-Preface-to-Regional-Strategy-Plan.pdf,planning permit,Not specified,Not specified,Not specified,Not specified,Not specified,Not specified
01-Preface-to-Regional-Strategy-Plan.pdf,responsible authority,Not specified,Not specified,Not specified,Not specified,Not specified,Not specified
01-Preface-to-Regional-Strategy-Plan.pdf,planning authority,"1.05 More Restrictive Controls In the event that special local circumstances require more restrictive land use, development or subdivision management controls, a planning authoritymayincorporate such provisions through amendments to its planning scheme, provided that there is no overall conflict withthepolicies andobjectives oftheRegional StrategyPlan.",Prepares or amends the planning scheme.,Not specified,planning authority,planning scheme,1.05
01-Preface-to-Regional-Strategy-Plan.pdf,schedule,Not specified,Not specified,Not specified,Not specified,Not specified,Not specified
02-The-Region-and-Its-Future.pdf,planning scheme,Not specified,Not specified,Not specified,Not specified,Not specified,Not specified
02-The-Region-and-Its-Future.pdf,zone,Not specified,Not specified,Not specified,Not specified,Not specified,Not specified
02-The-Region-and-Its-Future.pdf,overlay,Not specified,Not specified,Not specified,Not specified,Not specified,Not specified
02-The-Region-and-Its-Future.pdf,planning permit,Not specified,Not specified,Not specified,Not specified,Not specified,Not specified
02-The-Region-and-Its-Future.pdf,responsible authority,Not specified,Not specified,Not specified,Not specified,Not specified,Not specified
02-The-Region-and-Its-Future.pdf,planning authority,Not specified,Not specified,Not specified,Not specified,Not specified,Not specified
02-The-Region-and-Its-Future.pdf,schedule,Not specified,Not specified,Not specified,Not specified,Not specified,Not specified
03-Township-Policy-Areas-Policy-Areas.pdf,planning scheme,Not specified,Not specified,Not specified,Not specified,Not specified,Not specified
03-Township-Policy-Areas-Policy-Areas.pdf,zone,Not specified,Not specified,Not specified,Not specified,Not specified,Not specified
03-Township-Policy-Areas-Policy-Areas.pdf,overlay,Not specified,Not specified,Not specified,Not specified,Not specified,Not specified
03-Township-Policy-Areas-Policy-Areas.pdf,planning permit,Not specified,Not specified,Not specified,Not specified,Not specified,Not specified
03-Township-Policy-Areas-Policy-Areas.pdf,responsible authority,Not specified,Not specified,Not specified,Not specified,Not specified,Not specified
03-Township-Policy-Areas-Policy-Areas.pdf,planning authority,Not specified,Not specified,Not specified,Not specified,Not specified,Not specified
03-Township-Policy-Areas-Policy-Areas.pdf,schedule,Not specified,Not specified,Not specified,Not specified,Not specified,Not specified
04-Landscape-Living-Policy-Areas.pdf,planning scheme,Not specified,Not specified,Not specified,Not specified,Not specified,Not specified
04-Landscape-Living-Policy-Areas.pdf,zone,Not specified,Not specified,Not specified,Not specified,Not specified,Not specified
04-Landscape-Living-Policy-Areas.pdf,overlay,Not specified,Not specified,Not specified,Not specified,Not specified,Not specified
04-Landscape-Living-Policy-Areas.pdf,planning permit,Not specified,Not specified,Not specified,Not specified,Not specified,Not specified
04-Landscape-Living-Policy-Areas.pdf,responsible authority,Not specified,Not specified,Not specified,responsible authority,Not specified,10.02
04-Landscape-Living-Policy-Areas.pdf,planning authority,Not specified,Not specified,Not specified,Not specified,Not specified,Not specified
04-Landscape-Living-Policy-Areas.pdf,schedule,Not specified,Not specified,Not specified,Not specified,Not specified,Not specified
05-Rural-Policy-Areas.pdf,planning scheme,Not specified,Not specified,Not specified,Not specified,planning scheme,Not specified
05-Rural-Policy-Areas.pdf,zone,Not specified,Not specified,Not specified,Not specified,Not specified,Not specified
05-Rural-Policy-Areas.pdf,overlay,Not specified,Not specified,Not specified,Not specified,Not specified,Not specified
05-Rural-Policy-Areas.pdf,planning permit,Not specified,Not specified,Not specified,Not specified,Not specified,Not specified
05-Rural-Policy-Areas.pdf,responsible authority,Not specified,Not specified,Not specified,Not specified,Not specified,Not specified
05-Rural-Policy-Areas.pdf,planning authority,Not specified,Not specified,Not specified,Not specified,Not specified,Not specified
05-Rural-Policy-Areas.pdf,schedule,Not specified,Not specified,Not specified,Not specified,Not specified,Not specified
06-Public-Land-Policies.pdf,planning scheme,Not specified,Not specified,Not specified,Not specified,Not specified,Not specified
06-Public-Land-Policies.pdf,zone,Not specified,Not specified,Not specified,Not specified,Not specified,Not specified
06-Public-Land-Policies.pdf,overlay,Not specified,Not specified,Not specified,Not specified,Not specified,Not specified
06-Public-Land-Policies.pdf,planning permit,Not specified,Not specified,Not specified,Not specified,Not specified,Not specified
06-Public-Land-Policies.pdf,responsible authority,Not specified,Not specified,Not specified,Not specified,Not specified,Not specified
06-Public-Land-Policies.pdf,planning authority,Not specified,Not specified,Not specified,Not specified,Not specified,Not specified
06-Public-Land-Policies.pdf,schedule,Not specified,Not specified,Not specified,Not specified,Not specified,Not specified
07-Management-of-Sites-of-Natural-Significance.pdf,planning scheme,Not specified,Not specified,Not specified,responsible authority,"planning scheme, schedule",7.02
07-Management-of-Sites-of-Natural-Significance.pdf,zone,Not specified,Not specified,Not specified,Not specified,Not specified,Not specified
07-Management-of-Sites-of-Natural-Significance.pdf,overlay,Not specified,Not specified,Not specified,Not specified,Not specified,Not specified
07-Management-of-Sites-of-Natural-Significance.pdf,planning permit,Not specified,Not specified,"Where, within a Site of Natural Significance, clearing of native vegetation is required to provide for an approved use, development, buildings or works, construct an approved building and/or its driveway, it must be ensured that:  the removal of native vegetation is subject to a planning permit;  the removal of native vegetation is minimised and that such removal does not adversely affect the integrity of the site, and  clearing of native vegetation is avoided on slopes greater than 20% or within 30 metres of a watercourse.",Not specified,planning permit,Not specified
07-Management-of-Sites-of-Natural-Significance.pdf,responsible authority,Not specified,Not specified,Not specified,responsible authority,"planning scheme, schedule",7.02
07-Management-of-Sites-of-Natural-Significance.pdf,planning authority,Not specified,Not specified,Not specified,Not specified,Not specified,Not specified
07-Management-of-Sites-of-Natural-Significance.pdf,schedule,Not specified,Not specified,Not specified,responsible authority,"planning scheme, schedule",7.02
08-Management-of-Sites-of-Cultural-Significance.pdf,planning scheme,Not specified,Not specified,Not specified,Not specified,Not specified,Not specified
08-Management-of-Sites-of-Cultural-Significance.pdf,zone,Not specified,Not specified,Not specified,Not specified,Not specified,Not specified
08-Management-of-Sites-of-Cultural-Significance.pdf,overlay,Not specified,Not specified,Not specified,Not specified,Not specified,Not specified
08-Management-of-Sites-of-Cultural-Significance.pdf,planning permit,Not specified,Not specified,Not specified,Not specified,Not specified,Not specified
08-Management-of-Sites-of-Cultural-Significance.pdf,responsible authority,Not specified,Not specified,Not specified,Not specified,Not specified,Not specified
08-Management-of-Sites-of-Cultural-Significance.pdf,planning authority,Not specified,Not specified,Not specified,Not specified,Not specified,Not specified
08-Management-of-Sites-of-Cultural-Significance.pdf,schedule,Not specified,Not specified,"8.02 Management of Sites of Cultural Significance The use, development, alteration or demolition of a site or feature, designated as a Site of Cultural Significance in Schedule 2, may only be allowed where it will be subject toaplanningpermit andwhereit is demonstratedthat:  the integrity and the special values of the site or feature will not be jeopardised; and  where relevant, advice pursuant to the provisions of the Archaeological and Aboriginal Relics Preservation Act 1972 (as amended) and/or the Historical Buildings Act 1981,has beenobtainedandhadregardto.",Not specified,schedule,8.02
09-Puffing-Billy-Railway-Scenic-Corridors.pdf,planning scheme,Not specified,Not specified,Not specified,Not specified,Not specified,Not specified
09-Puffing-Billy-Railway-Scenic-Corridors.pdf,zone,Not specified,Not specified,Not specified,Not specified,Not specified,Not specified
09-Puffing-Billy-Railway-Scenic-Corridors.pdf,overlay,Not specified,Not specified,Not specified,Not specified,Not specified,Not specified
09-Puffing-Billy-Railway-Scenic-Corridors.pdf,planning permit,Not specified,Not specified,Not specified,Not specified,Not specified,Not specified
09-Puffing-Billy-Railway-Scenic-Corridors.pdf,responsible authority,Not specified,Not specified,Not specified,Not specified,Not specified,Not specified
09-Puffing-Billy-Railway-Scenic-Corridors.pdf,planning authority,Not specified,Not specified,Not specified,Not specified,Not specified,Not specified
09-Puffing-Billy-Railway-Scenic-Corridors.pdf,schedule,Not specified,Not specified,Not specified,Not specified,Not specified,Not specified
10-Floodplan-Management.pdf,planning scheme,Not specified,Not specified,Not specified,Not specified,Not specified,Not specified
10-Floodplan-Management.pdf,zone,Not specified,Not specified,Not specified,Not specified,Not specified,Not specified
10-Floodplan-Management.pdf,overlay,Not specified,Not specified,Not specified,Not specified,Not specified,Not specified
10-Floodplan-Management.pdf,planning permit,Not specified,Not specified,Not specified,Not specified,Not specified,Not specified
10-Floodplan-Management.pdf,responsible authority,Not specified,Not specified,Not specified,Not specified,Not specified,Not specified
10-Floodplan-Management.pdf,planning authority,Not specified,Not specified,Not specified,Not specified,Not specified,Not specified
10-Floodplan-Management.pdf,schedule,Not specified,Not specified,Not specified,Not specified,Not specified,Not specified
11-Special-Study-Areas.pdf,planning scheme,Not specified,Not specified,Not specified,Not specified,Not specified,Not specified
11-Special-Study-Areas.pdf,zone,Not specified,Not specified,Not specified,Not specified,Not specified,Not specified
11-Special-Study-Areas.pdf,overlay,Not specified,Not specified,Not specified,Not specified,Not specified,Not specified
11-Special-Study-Areas.pdf,planning permit,Not specified,Not specified,Not specified,Not specified,Not specified,Not specified
11-Special-Study-Areas.pdf,responsible authority,Not specified,Not specified,Not specified,Not specified,Not specified,Not specified
11-Special-Study-Areas.pdf,planning authority,Not specified,Not specified,Not specified,Not specified,Not specified,Not specified
11-Special-Study-Areas.pdf,schedule,Not specified,Not specified,Not specified,Not specified,Not specified,Not specified
12-Human-Services.pdf,planning scheme,Not specified,Not specified,Not specified,Not specified,Not specified,Not specified
12-Human-Services.pdf,zone,Not specified,Not specified,Not specified,Not specified,Not specified,Not specified
12-Human-Services.pdf,overlay,Not specified,Not specified,Not specified,Not specified,Not specified,Not specified
12-Human-Services.pdf,planning permit,Not specified,Not specified,Not specified,Not specified,Not specified,Not specified
12-Human-Services.pdf,responsible authority,Not specified,Not specified,Not specified,Not specified,Not specified,Not specified
12-Human-Services.pdf,planning authority,Not specified,Not specified,Not specified,Not specified,Not specified,Not specified
12-Human-Services.pdf,schedule,Not specified,Not specified,Not specified,Not specified,Not specified,Not specified
13-Activity-Centres.pdf,planning scheme,Not specified,Not specified,Not specified,Not specified,Not specified,Not specified
13-Activity-Centres.pdf,zone,Not specified,Not specified,Not specified,Not specified,Not specified,Not specified
13-Activity-Centres.pdf,overlay,Not specified,Not specified,Not specified,Not specified,Not specified,Not specified
13-Activity-Centres.pdf,planning permit,Not specified,Not specified,Not specified,Not specified,Not specified,Not specified
13-Activity-Centres.pdf,responsible authority,Not specified,Not specified,Not specified,Not specified,Not specified,Not specified
13-Activity-Centres.pdf,planning authority,Not specified,Not specified,Not specified,Not specified,Not specified,Not specified
13-Activity-Centres.pdf,schedule,Not specified,Not specified,Not specified,Not specified,Not specified,Not specified
14-Manufacturing-and-Industry.pdf,planning scheme,Not specified,Not specified,Not specified,Not specified,Not specified,Not specified
14-Manufacturing-and-Industry.pdf,zone,Not specified,Not specified,Not specified,Not specified,zone,14.03
14-Manufacturing-and-Industry.pdf,overlay,Not specified,Not specified,Not specified,Not specified,Not specified,Not specified
14-Manufacturing-and-Industry.pdf,planning permit,Not specified,Not specified,Not specified,Not specified,Not specified,Not specified
14-Manufacturing-and-Industry.pdf,responsible authority,Not specified,Not specified,Not specified,Not specified,Not specified,Not specified
14-Manufacturing-and-Industry.pdf,planning authority,Not specified,Not specified,Not specified,Not specified,Not specified,Not specified
14-Manufacturing-and-Industry.pdf,schedule,Not specified,Not specified,Not specified,Not specified,Not specified,Not specified
"15-Extractive-Industry,-Mining-and-Soil-Removal.pdf",planning scheme,Not specified,Not specified,Not specified,Not specified,Not specified,Not specified
"15-Extractive-Industry,-Mining-and-Soil-Removal.pdf",zone,Not specified,Not specified,Not specified,Not specified,Not specified,Not specified
"15-Extractive-Industry,-Mining-and-Soil-Removal.pdf",overlay,Not specified,Not specified,Not specified,Not specified,Not specified,Not specified
"15-Extractive-Industry,-Mining-and-Soil-Removal.pdf",planning permit,Not specified,Not specified,Not specified,Not specified,Not specified,Not specified
"15-Extractive-Industry,-Mining-and-Soil-Removal.pdf",responsible authority,Not specified,Not specified,Not specified,responsible authority,Not specified,Not specified
"15-Extractive-Industry,-Mining-and-Soil-Removal.pdf",planning authority,Not specified,Not specified,Not specified,Not specified,Not specified,Not specified
"15-Extractive-Industry,-Mining-and-Soil-Removal.pdf",schedule,Not specified,Not specified,Not specified,Not specified,Not specified,Not specified
16-Recreation-and-Tourism.pdf,planning scheme,Not specified,Not specified,Not specified,Not specified,Not specified,Not specified
16-Recreation-and-Tourism.pdf,zone,Not specified,Not specified,"16.14 Caravan parks Land which is proposed to be used for a caravan park must either be located within:  a Township Policy Area or a Rural Policy Area and be included within a zone that specifically provides for such uses; or  the townships of Warburton, Healesville and Yarra Glen, where the use may be allowed subject to a planning permit.",Not specified,"planning permit, zone",16.14
16-Recreation-and-Tourism.pdf,overlay,Not specified,Not specified,Not specified,Not specified,Not specified,Not specified
16-Recreation-and-Tourism.pdf,planning permit,Not specified,Not specified,"16.14 Caravan parks Land which is proposed to be used for a caravan park must either be located within:  a Township Policy Area or a Rural Policy Area and be included within a zone that specifically provides for such uses; or  the townships of Warburton, Healesville and Yarra Glen, where the use may be allowed subject to a planning permit.",Not specified,"planning permit, zone",16.14
16-Recreation-and-Tourism.pdf,responsible authority,Not specified,Not specified,Not specified,Not specified,Not specified,Not specified
16-Recreation-and-Tourism.pdf,planning authority,Not specified,Not specified,Not specified,Not specified,Not specified,Not specified
16-Recreation-and-Tourism.pdf,schedule,Not specified,Not specified,Not specified,Not specified,Not specified,Not specified
17-Water-Resources.pdf,planning scheme,Not specified,Not specified,Not specified,Not specified,Not specified,Not specified
17-Water-Resources.pdf,zone,Not specified,Not specified,Not specified,Not specified,Not specified,Not specified
17-Water-Resources.pdf,overlay,Not specified,Not specified,Not specified,Not specified,Not specified,Not specified
17-Water-Resources.pdf,planning permit,Not specified,Not specified,Not specified,Not specified,Not specified,Not specified
17-Water-Resources.pdf,responsible authority,Not specified,Not specified,Not specified,Not specified,Not specified,Not specified
17-Water-Resources.pdf,planning authority,Not specified,Not specified,Not specified,Not specified,Not specified,Not specified
17-Water-Resources.pdf,schedule,Not specified,Not specified,Not specified,Not specified,Not specified,Not specified
18-Service-Networks.pdf,planning scheme,Not specified,Not specified,Not specified,Not specified,Not specified,Not specified
18-Service-Networks.pdf,zone,Not specified,Not specified,Not specified,Not specified,Not specified,Not specified
18-Service-Networks.pdf,overlay,Not specified,Not specified,Not specified,Not specified,Not specified,Not specified
18-Service-Networks.pdf,planning permit,Not specified,Not specified,Not specified,Not specified,Not specified,Not specified
18-Service-Networks.pdf,responsible authority,Not specified,Not specified,Not specified,Not specified,Not specified,Not specified
18-Service-Networks.pdf,planning authority,Not specified,Not specified,Not specified,Not specified,Not specified,Not specified
18-Service-Networks.pdf,schedule,Not specified,Not specified,Not specified,Not specified,Not specified,Not specified
19-Transport.pdf,planning scheme,Not specified,Not specified,Not specified,council,"planning scheme, schedule",Not specified
19-Transport.pdf,zone,Not specified,Not specified,Not specified,Not specified,Not specified,Not specified
19-Transport.pdf,overlay,Not specified,Not specified,Not specified,Not specified,Not specified,Not specified
19-Transport.pdf,planning permit,Not specified,Not specified,Not specified,Not specified,Not specified,Not specified
19-Transport.pdf,responsible authority,Not specified,Not specified,Not specified,Not specified,Not specified,Not specified
19-Transport.pdf,planning authority,Not specified,Not specified,Not specified,Not specified,Not specified,Not specified
19-Transport.pdf,schedule,Not specified,Not specified,Not specified,council,"planning scheme, schedule",Not specified
20-Fire-Management.pdf,planning scheme,Not specified,Not specified,Not specified,Not specified,Not specified,Not specified
20-Fire-Management.pdf,zone,Not specified,Not specified,Not specified,Not specified,Not specified,Not specified
20-Fire-Management.pdf,overlay,Not specified,Not specified,Not specified,Not specified,Not specified,Not specified
20-Fire-Management.pdf,planning permit,Not specified,Not specified,Not specified,Not specified,Not specified,Not specified
20-Fire-Management.pdf,responsible authority,Not specified,Not specified,Not specified,Not specified,Not specified,Not specified
20-Fire-Management.pdf,planning authority,Not specified,Not specified,Not specified,Not specified,Not specified,Not specified
20-Fire-Management.pdf,schedule,Not specified,Not specified,Not specified,Not specified,Not specified,Not specified
Am-122-Upper-Yarra-Valley-and-Dandenong-Ranges-RSP-Amendment.pdf,planning scheme,"1.05 More Restrictive Controls In the event that special local circumstances require more restrictive land use, development or subdivision management controls, a planning authoritymayincorporate such provisions through amendments to its planning scheme, provided that there is no overall conflict withthepolicies andobjectives oftheRegional StrategyPlan.",Controls land use and development.,"2 Warburton Highway, situated on the corner of Warburton 13.11 Highway and Mangans Road, Lilydale may be used for a retail plant Am 75 nursery subject to the issue of a permit under the Lillydale Planning Scheme.",minister,planning scheme,1.05
Am-122-Upper-Yarra-Valley-and-Dandenong-Ranges-RSP-Amendment.pdf,zone,Not specified,Not specified,"16.14 Caravan parks Land which is proposed to be used for a caravan park must either be located within:  a Township Policy Area or a Rural Policy Area and be included within a zone that specifically provides for such uses; or  the townships of Warburton, Healesville and Yarra Glen, where the use may be allowed subject to a planning permit.",Not specified,zone,16.14
Am-122-Upper-Yarra-Valley-and-Dandenong-Ranges-RSP-Amendment.pdf,overlay,Not specified,Not specified,Not specified,Not specified,Not specified,Not specified
Am-122-Upper-Yarra-Valley-and-Dandenong-Ranges-RSP-Amendment.pdf,planning permit,Not specified,Not specified,"16.14 Caravan parks Land which is proposed to be used for a caravan park must either be located within:  a Township Policy Area or a Rural Policy Area and be included within a zone that specifically provides for such uses; or  the townships of Warburton, Healesville and Yarra Glen, where the use may be allowed subject to a planning permit.",Not specified,"planning permit, zone",16.14
Am-122-Upper-Yarra-Valley-and-Dandenong-Ranges-RSP-Amendment.pdf,responsible authority,Not specified,Not specified,"3-5 Hill Road, situated on the north east corner of Hill Road and 5.17 Skye Road, Gruyere may be subdivided into two lots if the following Am 75 conditions are met:  the subdivision must be subject to the grant of a permit;  the owner of the western lot must enter into an agreement under Section 173 of the Planning and Environment Act requiring the specification of a building envelope for a house on the lot and the screening of the house from views from all roads to the satisfaction of the responsible authority.",responsible authority,Not specified,5.17
Am-122-Upper-Yarra-Valley-and-Dandenong-Ranges-RSP-Amendment.pdf,planning authority,"1.05 More Restrictive Controls In the event that special local circumstances require more restrictive land use, development or subdivision management controls, a planning authoritymayincorporate such provisions through amendments to its planning scheme, provided that there is no overall conflict withthepolicies andobjectives oftheRegional StrategyPlan.",Prepares or amends the planning scheme.,Not specified,planning authority,planning scheme,1.05
Am-122-Upper-Yarra-Valley-and-Dandenong-Ranges-RSP-Amendment.pdf,schedule,Not specified,Not specified,"8.02 Management of Sites of Cultural Significance The use, development, alteration or demolition of a site or feature, designated as a Site of Cultural Significance in Schedule 2, may only be allowed where it will be subject toaplanningpermit andwhereit is demonstratedthat:  the integrity and the special values of the site or feature will not be jeopardised; and  where relevant, advice pursuant to the provisions of the Archaeological and Aboriginal Relics Preservation Act 1972 (as amended) and/or the Historical Buildings Act 1981,has beenobtainedandhadregardto.",Not specified,schedule,8.02
Am-123-Upper-Yarra-Valley-and-Dandenong-Ranges-RSP-Maps-reduced.pdf,planning scheme,Not specified,Not specified,Not specified,Not specified,Not specified,Not specified
Am-123-Upper-Yarra-Valley-and-Dandenong-Ranges-RSP-Maps-reduced.pdf,zone,Not specified,Not specified,Not specified,Not specified,Not specified,Not specified
Am-123-Upper-Yarra-Valley-and-Dandenong-Ranges-RSP-Maps-reduced.pdf,overlay,Not specified,Not specified,Not specified,Not specified,Not specified,Not specified
Am-123-Upper-Yarra-Valley-and-Dandenong-Ranges-RSP-Maps-reduced.pdf,planning permit,Not specified,Not specified,Not specified,Not specified,Not specified,Not specified
Am-123-Upper-Yarra-Valley-and-Dandenong-Ranges-RSP-Maps-reduced.pdf,responsible authority,Not specified,Not specified,Not specified,Not specified,Not specified,Not specified
Am-123-Upper-Yarra-Valley-and-Dandenong-Ranges-RSP-Maps-reduced.pdf,planning authority,Not specified,Not specified,Not specified,Not specified,Not specified,Not specified
Am-123-Upper-Yarra-Valley-and-Dandenong-Ranges-RSP-Maps-reduced.pdf,schedule,Not specified,Not specified,Not specified,Not specified,Not specified,Not specified
Using-Victorias-Planning-System.pdf,planning scheme,"A planning scheme is a statutory document that sets out objectives, policies and provisions relating to the use, development, protection and conservation of land in the area to which it applies.",Controls land use and development.,"The class of application – and therefore the fee – will depend on the planning scheme and why a permit is needed: • In some instances, a permit may be needed to either use or develop land, but not both.","council, minister, responsible authority",planning scheme,Not specified
Using-Victorias-Planning-System.pdf,zone,"For example, is an appropriate zone or overlay used?",Designates land for particular uses.,"In other zones, the use may not require a permit, but a permit may be required to construct the building (the development) for the use.",Not specified,zone,Not specified
Using-Victorias-Planning-System.pdf,overlay,6 1.4 What is an overlay?,Not specified,"Where land is subject to a Public Acquisition Overlay, all further use, development or subdivision of the land will generally require a planning permit.",Not specified,"overlay, schedule, zone",1.4
Using-Victorias-Planning-System.pdf,planning permit,76 3.1.1 What is a planning permit?,Provides approval for a use or development.,"Rather than requiring a new permit application to be made every time a change is proposed, the following processes may be applied, depending on the circumstances of the change being sought: • application to amend a planning permit • secondary consent, where a condition of a permit allows for this.",responsible authority,planning permit,3.1.1
Using-Victorias-Planning-System.pdf,responsible authority,The prescribed information is: • the application reference number • the date the responsible authority received the application • a description of why a permit is required (using the same words that appear in the permit requirement(s) in the planning scheme) • a list of clauses in the planning scheme that require the application to be referred to that referral authority • the description in clause 66 of the kind of application required to be referred to that referral authority • whether the referral authority is a determining referral authority or a recommending referral authority for the application.,Assesses or decides planning applications.,"PE Regs regs 38, 39 A notice of cancellation or amendment of a permit under section 92 of the PE Act must be given within seven days of the responsible authority receiving VCAT’s decision and must give: • sufficient information to identify the permit • details of the amendment or amendments made to the permit or a statement that the permit has been cancelled • the ground or grounds for each amendment or for cancellation.","responsible authority, vcat",planning scheme,Not specified
Using-Victorias-Planning-System.pdf,planning authority,"Municipal council PEA ss 8A, 8B, 16F, 16I A council is a planning authority for any planning scheme in force in its municipal district and for an area adjoining its municipal district for which it is authorised by the Minister to prepare an amendment.",Prepares or amends the planning scheme.,"2.14.6 Decision by the planning authority PEA s 96G(1) After complying with the notice requirements and following the submission stages, a planning authority may decide to recommend to the Minister that a permit be granted with or without changes if: • the permit application has been made under Division 5 of Part 4 and the relevant sections of that division have been complied with; or • the panel (where appointed) has recommended the grant of the permit; or • the planning authority considers it appropriate that a permit be issued for a purpose, that as a result of changes made to an amendment during the amendment process, a permit is required to be obtained.",planning authority,planning scheme,2.14.6
Using-Victorias-Planning-System.pdf,schedule,"Identifying a VicSmart application An application is a VicSmart application if: • it is identified as a VicSmart application under the permit requirement in a zone, overlay or particular provision, or in the schedule to clause 59.15 • all the permit triggers for the application are identified as a VicSmart application under the permit requirement in a zone, overlay or particular provision or in the schedule to clause 59.15 • nothing authorised by the grant of a permit would result in a breach of a registered restrictive covenant • the application has been considered by the referral authority, if the application requires referral to a referral authority, within the three months prior to the application being made, and the referral authority has stated in writing that it does not object to the proposal.",Not specified,The amendment clauses and schedules may be required in ‘track change’ format and should be attached to the explanatory report to enable all text changes to be easily identified and understood.,responsible authority,"overlay, schedule, zone",59.15
